<?xml version="1.0" encoding="UTF-8"?>
<project-private xmlns="http://www.netbeans.org/ns/project-private/1">
    <editor-bookmarks xmlns="http://www.netbeans.org/ns/editor-bookmarks/2" lastBookmarkId="0"/>
    <open-files xmlns="http://www.netbeans.org/ns/projectui-open-files/2">
        <group>
            <file>file:/C:/Users/kitmi/Documents/DATA%20STRUCTURE/Assignment/src/Entity/Tutors.java</file>
            <file>file:/C:/Users/kitmi/Documents/DATA%20STRUCTURE/Assignment/src/Boundary/TutorManagementUI.java</file>
            <file>file:/C:/Users/kitmi/Documents/DATA%20STRUCTURE/Assignment/src/ADT/StackInterface.java</file>
            <file>file:/C:/Users/kitmi/Documents/DATA%20STRUCTURE/Assignment/src/ADT/LinkedStack.java</file>
            <file>file:/C:/Users/kitmi/Documents/DATA%20STRUCTURE/Assignment/src/Control/TutorManagementSystem.java</file>
            <file>file:/C:/Users/kitmi/Documents/DATA%20STRUCTURE/Assignment/src/ADT/ListInterface.java</file>
            <file>file:/C:/Users/kitmi/Documents/DATA%20STRUCTURE/Assignment/src/ADT/ArrayList.java</file>
            <file>file:/C:/Users/kitmi/Documents/DATA%20STRUCTURE/Assignment/src/dao/TutorInitializeS.java</file>
            <file>file:/C:/Users/kitmi/Documents/DATA%20STRUCTURE/Assignment/src/Control/UndoRedoManager.java</file>
            <file>file:/C:/Users/kitmi/Documents/DATA%20STRUCTURE/Assignment/src/ADT/LinkedList.java</file>
            <file>file:/C:/Users/kitmi/Documents/DATA%20STRUCTURE/Assignment/src/dao/TutorInitialize.java</file>
        </group>
    </open-files>
</project-private>
