<?xml version="1.0" encoding="UTF-8"?>
<project-private xmlns="http://www.netbeans.org/ns/project-private/1">
    <editor-bookmarks xmlns="http://www.netbeans.org/ns/editor-bookmarks/2" lastBookmarkId="0"/>
    <open-files xmlns="http://www.netbeans.org/ns/projectui-open-files/2">
        <group>
            <file>file:/C:/Users/yongj/Documents/NetBeansProjects/CourseManagement/src/Control/CourseMaintenance.java</file>
            <file>file:/C:/Users/yongj/Documents/NetBeansProjects/CourseManagement/src/Entity/Programme.java</file>
            <file>file:/C:/Users/yongj/Documents/NetBeansProjects/CourseManagement/src/Boundary/ProgrammeMaintenanceUI.java</file>
            <file>file:/C:/Users/yongj/Documents/NetBeansProjects/CourseManagement/src/Boundary/CourseMaintenanceUI.java</file>
        </group>
    </open-files>
</project-private>
