<?xml version="1.0" encoding="UTF-8"?>
<project-private xmlns="http://www.netbeans.org/ns/project-private/1">
    <editor-bookmarks xmlns="http://www.netbeans.org/ns/editor-bookmarks/2" lastBookmarkId="0"/>
    <open-files xmlns="http://www.netbeans.org/ns/projectui-open-files/2">
        <group>
            <file>file:/C:/Users/howei/OneDrive/Documents/NetBeansProjects/Assignment/src/control/TutorialGroupMaintainance.java</file>
            <file>file:/C:/Users/howei/OneDrive/Documents/NetBeansProjects/Assignment/src/boundary/TutorialGroupUI.java</file>
            <file>file:/C:/Users/howei/OneDrive/Documents/NetBeansProjects/Assignment/src/entity/TutorialGroup.java</file>
        </group>
    </open-files>
</project-private>
